OverTime,BusinessTravel,JobRole,Age,JobLevel,TotalWorkingYears,YearsAtCompany,YearsWithCurrManager,YearsInCurrentRole,JobInvolvement,MonthlyIncome,Attrition (Actual),PredictedAttrition,Probability
No,Travel_Frequently,Sales Executive,42,4,23,20,8,4,3,13525,0,0,0.3533
Yes,Travel_Rarely,Sales Executive,40,2,6,4,2,3,1,7457,0,1,0.5667
No,Travel_Frequently,Laboratory Technician,36,1,8,8,7,1,3,2153,0,0,0.3733
No,Travel_Rarely,Research Director,32,3,10,7,7,7,3,11159,0,1,0.5267
No,Travel_Rarely,Sales Executive,25,2,5,5,3,2,2,4256,0,0,0.3333
No,Travel_Rarely,Research Director,42,4,16,1,0,0,3,15992,0,0,0.2867
Yes,Travel_Rarely,Healthcare Representative,31,2,10,9,5,7,3,5855,0,1,0.5933
Yes,Non-Travel,Research Scientist,38,2,17,13,9,11,1,5329,0,1,0.5133
No,Travel_Rarely,Healthcare Representative,39,2,20,20,10,7,2,4553,0,0,0.4667
No,Travel_Rarely,Research Director,54,5,24,4,2,2,3,19406,0,0,0.4533
No,Travel_Rarely,Manager,49,5,23,1,0,0,2,18711,0,0,0.26
Yes,Travel_Rarely,Research Scientist,24,1,6,6,4,5,4,2725,0,1,0.5533
No,Travel_Rarely,Manufacturing Director,40,4,22,20,13,6,3,13237,0,0,0.4267
No,Non-Travel,Sales Executive,41,2,16,14,10,3,3,6230,0,0,0.4133
Yes,Travel_Rarely,Sales Executive,32,2,13,13,9,12,2,5228,0,1,0.6133
Yes,Travel_Rarely,Manager,39,4,21,19,2,9,2,17123,0,1,0.54
No,Travel_Rarely,Human Resources,59,1,7,2,2,2,3,2267,0,0,0.36
Yes,Travel_Rarely,Healthcare Representative,36,2,17,16,11,8,3,6586,0,1,0.5933
No,Travel_Rarely,Laboratory Technician,30,2,10,10,9,7,3,3491,0,0,0.46
No,Travel_Rarely,Human Resources,38,1,7,7,0,6,4,2844,0,1,0.6
Yes,Travel_Rarely,Research Scientist,31,1,3,2,2,2,3,2695,0,0,0.32
No,Non-Travel,Sales Executive,36,2,7,1,0,0,3,6653,0,0,0.2267
Yes,Travel_Rarely,Manufacturing Director,32,2,9,9,8,8,3,6162,0,1,0.5467
No,Non-Travel,Sales Executive,28,2,5,5,4,4,3,4221,0,0,0.3
No,Travel_Rarely,Sales Representative,50,1,4,2,2,2,3,3875,0,0,0.3333
No,Travel_Rarely,Healthcare Representative,39,3,19,18,7,10,4,9613,0,0,0.4733
No,Travel_Rarely,Laboratory Technician,35,1,6,5,3,4,4,2426,0,0,0.4333
No,Travel_Frequently,Sales Executive,32,2,10,10,3,8,3,6524,0,0,0.3533
No,Travel_Rarely,Healthcare Representative,30,2,11,11,8,10,2,4152,0,0,0.4667
No,Travel_Frequently,Manufacturing Director,38,3,10,9,8,7,2,9526,0,0,0.3267
No,Travel_Rarely,Sales Representative,21,1,3,3,2,2,3,3447,0,0,0.16
No,Travel_Rarely,Manufacturing Director,35,3,17,8,6,5,3,10221,0,0,0.4267
No,Travel_Frequently,Manufacturing Director,26,2,6,6,4,5,3,6397,0,0,0.3067
No,Travel_Rarely,Laboratory Technician,32,1,8,8,7,0,3,2370,0,0,0.4667
No,Travel_Rarely,Sales Executive,32,2,10,10,8,7,3,5396,0,0,0.3933
No,Travel_Rarely,Research Scientist,34,1,14,7,7,3,2,2768,0,1,0.56
No,Travel_Frequently,Manager,33,3,12,10,8,6,3,11878,0,0,0.34
No,Travel_Rarely,Manufacturing Director,47,2,20,5,4,0,3,5070,0,0,0.34
No,Travel_Rarely,Laboratory Technician,30,1,7,2,2,2,1,3833,0,0,0.32
Yes,Travel_Rarely,Research Scientist,58,1,9,1,0,0,2,3346,0,0,0.4267
No,Travel_Rarely,Laboratory Technician,38,1,2,2,1,2,3,2288,0,0,0.1467
Yes,Travel_Frequently,Manufacturing Director,52,4,24,5,2,3,4,13247,0,0,0.4267
Yes,Travel_Rarely,Sales Executive,44,2,9,4,3,3,3,5454,0,1,0.62
No,Travel_Rarely,Research Scientist,59,1,7,1,0,0,2,2177,0,0,0.2933
No,Non-Travel,Manufacturing Director,42,2,11,5,2,3,3,5265,0,0,0.3667
No,Travel_Rarely,Sales Executive,45,2,9,8,7,7,3,4805,0,0,0.3933
No,Travel_Rarely,Research Scientist,23,1,5,3,2,2,4,2819,0,0,0.3467
No,Travel_Rarely,Sales Executive,54,2,16,6,5,2,3,5940,0,0,0.3933
No,Travel_Rarely,Research Scientist,41,1,10,10,8,6,4,3376,0,0,0.4867
Yes,Travel_Rarely,Healthcare Representative,45,3,24,7,7,7,1,10851,0,1,0.5933
No,Non-Travel,Sales Executive,45,3,23,19,8,7,2,8865,0,0,0.38
No,Travel_Rarely,Sales Executive,55,3,24,1,0,0,3,10239,0,0,0.2933
No,Travel_Frequently,Manufacturing Director,34,2,10,10,9,9,2,9547,0,0,0.3067
No,Travel_Rarely,Research Scientist,57,2,13,12,8,9,4,4900,0,0,0.4667
No,Travel_Rarely,Research Scientist,33,1,7,3,1,2,2,2622,0,0,0.3733
No,Non-Travel,Laboratory Technician,32,1,4,3,2,0,3,2314,0,0,0.2533
No,Travel_Frequently,Sales Executive,27,2,7,7,7,7,3,9981,0,0,0.34
No,Travel_Rarely,Laboratory Technician,36,1,7,7,7,7,1,2741,0,0,0.4933
No,Travel_Frequently,Healthcare Representative,33,2,15,13,7,11,3,7725,0,0,0.34
No,Travel_Rarely,Research Scientist,27,1,7,7,3,7,3,2279,0,0,0.5
No,Travel_Rarely,Manufacturing Director,22,2,4,2,2,2,2,4775,0,0,0.2733
No,Travel_Frequently,Healthcare Representative,42,2,7,6,4,5,2,4523,0,0,0.34
No,Travel_Frequently,Research Scientist,29,1,10,10,8,7,1,2720,0,0,0.3667
No,Travel_Rarely,Laboratory Technician,35,2,10,9,0,7,2,5363,0,1,0.56
No,Non-Travel,Sales Executive,37,3,9,9,7,5,3,8834,0,0,0.38
No,Travel_Rarely,Sales Executive,31,2,10,8,7,7,4,6929,0,0,0.3933
No,Travel_Rarely,Sales Representative,29,1,1,1,0,0,3,2642,0,0,0.22
Yes,Non-Travel,Healthcare Representative,35,3,10,4,3,0,2,9884,0,0,0.4667
No,Travel_Rarely,Research Director,43,5,25,8,7,7,1,19740,0,1,0.54
No,Travel_Rarely,Research Scientist,33,1,4,3,2,1,3,2500,0,0,0.3067
Yes,Travel_Rarely,Sales Executive,37,2,8,1,0,0,2,6694,0,1,0.5867
No,Travel_Rarely,Research Scientist,28,1,6,5,4,3,2,3201,0,0,0.4933
No,Travel_Frequently,Manufacturing Director,27,3,9,9,7,7,3,8793,0,0,0.3267
No,Travel_Rarely,Sales Executive,37,2,9,1,0,0,2,6334,0,0,0.2867
No,Travel_Rarely,Research Scientist,27,1,4,4,2,2,2,2539,0,0,0.4067
No,Travel_Frequently,Sales Representative,37,1,13,9,8,8,3,2793,0,0,0.3267
No,Travel_Rarely,Healthcare Representative,31,2,10,10,8,9,2,6812,0,0,0.4667
No,Travel_Rarely,Research Director,48,5,25,1,0,0,2,18265,0,0,0.2867
No,Travel_Rarely,Manufacturing Director,36,2,10,9,5,7,3,5228,0,0,0.4133
No,Travel_Rarely,Manufacturing Director,37,2,14,14,11,8,2,6474,0,0,0.4133
No,Travel_Rarely,Sales Executive,38,2,12,8,7,3,2,8686,0,0,0.44
No,Travel_Rarely,Sales Executive,32,2,8,5,3,2,3,4403,0,0,0.3333
No,Travel_Rarely,Research Scientist,28,2,10,8,7,7,3,3660,0,0,0.4667
No,Travel_Frequently,Research Scientist,43,1,18,3,2,2,4,4739,0,0,0.24
Yes,Travel_Rarely,Research Scientist,30,1,12,11,7,9,3,3579,0,1,0.5533
No,Non-Travel,Manager,33,4,10,10,0,8,3,17444,0,0,0.4667
No,Travel_Rarely,Manufacturing Director,43,2,4,1,0,0,3,4765,0,0,0.2733
Yes,Travel_Frequently,Research Director,42,3,20,1,0,0,3,13191,0,0,0.3267
No,Travel_Rarely,Laboratory Technician,37,1,17,5,3,4,3,3452,0,0,0.4333
No,Travel_Frequently,Sales Representative,24,1,3,2,1,2,3,2400,0,0,0.14
Yes,Non-Travel,Research Scientist,37,2,15,13,7,11,3,4449,0,1,0.52
Yes,Travel_Rarely,Sales Executive,37,2,17,3,0,0,3,9602,0,1,0.6267
No,Travel_Frequently,Research Scientist,40,2,20,20,13,7,3,5605,0,0,0.34
No,Travel_Rarely,Sales Executive,34,2,10,10,6,8,3,6125,0,0,0.3933
No,Travel_Rarely,Sales Representative,18,1,0,0,0,0,2,1200,0,0,0.2133
No,Travel_Rarely,Manager,41,4,22,22,4,10,3,16015,0,0,0.4333
No,Travel_Frequently,Sales Executive,44,2,11,1,0,0,3,4768,0,0,0.2067
No,Travel_Rarely,Sales Executive,42,2,10,9,2,7,3,6825,0,0,0.4067
No,Travel_Rarely,Healthcare Representative,51,4,21,7,0,7,3,13734,0,1,0.5533
No,Travel_Rarely,Manager,31,3,10,5,1,4,2,11557,0,0,0.4333
No,Travel_Frequently,Manufacturing Director,31,2,4,4,3,3,3,4148,0,0,0.3
No,Travel_Rarely,Research Scientist,36,1,6,2,2,2,3,2543,0,0,0.3267
No,Travel_Rarely,Laboratory Technician,28,1,4,4,2,2,3,2207,0,0,0.3867
No,Travel_Rarely,Manufacturing Director,30,2,7,6,2,2,3,9957,0,0,0.4333
No,Travel_Rarely,Sales Representative,35,1,2,2,2,2,3,2014,0,0,0.18
No,Travel_Rarely,Manufacturing Director,59,3,25,9,4,7,3,10512,0,0,0.4267
No,Non-Travel,Healthcare Representative,39,3,13,6,5,4,3,10920,0,0,0.4333
No,Travel_Frequently,Sales Executive,29,2,10,10,9,7,3,4554,0,0,0.34
No,Travel_Rarely,Research Scientist,36,2,10,8,7,0,3,4485,0,0,0.4533
No,Travel_Rarely,Research Scientist,30,1,8,3,2,2,3,3204,0,0,0.3467
Yes,Travel_Rarely,Research Director,27,3,9,9,8,8,2,12808,0,1,0.6533
No,Travel_Rarely,Healthcare Representative,43,3,10,1,0,0,3,9985,0,0,0.2733
Yes,Travel_Rarely,Research Director,38,3,12,11,9,10,2,11510,0,1,0.6533
No,Travel_Frequently,Sales Representative,31,1,3,2,2,2,4,2791,0,0,0.1
No,Travel_Rarely,Sales Executive,30,2,10,8,7,7,3,5304,0,0,0.3933
Yes,Travel_Rarely,Sales Executive,44,4,23,12,11,11,4,13320,0,1,0.62
No,Travel_Rarely,Laboratory Technician,23,1,5,4,2,3,3,2500,0,0,0.4867
Yes,Travel_Rarely,Research Scientist,31,1,8,6,2,4,3,2356,0,1,0.5467
No,Travel_Rarely,Laboratory Technician,53,2,19,2,2,2,3,2450,0,0,0.3067
No,Travel_Rarely,Research Scientist,49,1,7,4,2,2,3,3580,0,0,0.4067
Yes,Travel_Rarely,Research Scientist,46,2,19,16,7,13,2,4615,0,1,0.56
Yes,Travel_Rarely,Research Scientist,31,1,7,4,2,2,3,3929,0,0,0.48
Yes,Travel_Rarely,Research Director,58,5,32,9,5,8,3,19701,0,1,0.6533
No,Non-Travel,Sales Executive,34,2,10,9,7,5,3,4568,0,0,0.3667
No,Travel_Frequently,Research Scientist,35,1,5,3,2,2,3,2194,0,0,0.24
Yes,Travel_Rarely,Research Scientist,32,1,7,6,5,2,4,3298,0,1,0.52
No,Travel_Rarely,Laboratory Technician,35,1,6,5,3,4,1,4230,0,0,0.4467
Yes,Travel_Rarely,Research Scientist,19,1,1,1,1,0,4,2994,0,0,0.3933
No,Travel_Rarely,Sales Executive,28,2,6,5,3,4,3,8463,0,0,0.3333
No,Travel_Frequently,Healthcare Representative,43,2,12,5,2,2,3,5562,0,0,0.32
No,Travel_Rarely,Healthcare Representative,37,2,9,6,3,2,2,5731,0,1,0.5067
No,Travel_Rarely,Manufacturing Director,38,2,14,1,0,0,3,6553,0,0,0.2733
Yes,Travel_Rarely,Human Resources,30,2,12,11,7,9,3,6347,0,1,0.5933
Yes,Travel_Rarely,Sales Representative,53,2,13,7,5,7,3,2306,0,1,0.5867
No,Travel_Rarely,Sales Executive,42,2,20,20,6,16,3,4907,0,0,0.3933
No,Travel_Frequently,Research Scientist,30,1,1,1,0,0,3,2083,0,0,0.18
No,Travel_Rarely,Research Director,53,4,35,9,8,8,4,16598,0,1,0.5267
No,Travel_Rarely,Sales Representative,29,1,2,2,2,2,3,2297,0,0,0.18
No,Travel_Frequently,Research Scientist,34,1,6,5,3,2,2,2553,0,0,0.36
No,Travel_Rarely,Human Resources,28,1,6,5,4,1,2,4936,0,0,0.4333
Yes,Travel_Rarely,Manager,43,4,22,17,9,13,3,16064,0,1,0.5467
No,Travel_Rarely,Sales Executive,37,2,7,5,1,4,3,6502,0,0,0.38
No,Travel_Rarely,Human Resources,44,2,10,2,2,2,2,5985,0,0,0.3533
No,Non-Travel,Research Scientist,34,1,5,5,0,4,2,2029,0,0,0.4867
No,Travel_Rarely,Sales Executive,28,2,7,7,7,5,3,5253,0,0,0.3933
No,Travel_Rarely,Sales Executive,40,2,8,7,5,7,3,8396,0,0,0.3933
No,Travel_Rarely,Sales Executive,34,2,6,3,2,2,3,6500,0,0,0.26
No,Travel_Rarely,Healthcare Representative,44,2,10,5,3,2,3,5933,0,0,0.44
No,Travel_Rarely,Research Scientist,25,1,6,4,1,3,4,3424,0,1,0.5267
No,Travel_Rarely,Manager,60,5,33,29,10,8,3,19566,0,0,0.4333
No,Travel_Rarely,Sales Executive,32,2,7,4,3,3,3,9204,0,0,0.3733
No,Travel_Rarely,Research Scientist,36,1,8,6,1,2,3,4678,0,1,0.56
No,Non-Travel,Laboratory Technician,32,1,10,8,7,7,3,4025,0,0,0.4267
No,Travel_Rarely,Manager,42,4,21,20,9,7,3,16799,0,0,0.4333
No,Travel_Rarely,Laboratory Technician,24,1,6,5,2,3,3,2774,0,1,0.5067
Yes,Travel_Rarely,Healthcare Representative,35,2,10,10,7,6,3,4014,0,1,0.5933
No,Travel_Rarely,Sales Executive,48,2,12,2,2,2,4,8120,0,0,0.2467
No,Travel_Rarely,Research Director,50,4,32,5,3,4,3,17399,0,0,0.4733
No,Travel_Rarely,Research Director,54,4,36,10,9,9,3,17779,0,1,0.5267
No,Travel_Rarely,Sales Representative,30,1,1,1,0,0,3,2476,0,0,0.22
No,Non-Travel,Laboratory Technician,44,1,7,5,3,2,2,3162,0,0,0.42
Yes,Travel_Rarely,Research Director,50,5,29,27,8,3,2,18740,0,1,0.68
No,Travel_Rarely,Research Scientist,32,2,10,10,9,4,3,6220,0,0,0.4667
No,Travel_Rarely,Manager,44,5,26,25,13,9,4,19190,0,0,0.4333
No,Travel_Rarely,Manager,53,4,31,25,7,8,2,15427,0,0,0.4333
No,Travel_Rarely,Manager,55,4,37,10,7,9,3,16835,0,0,0.4333
Yes,Non-Travel,Sales Executive,38,2,6,5,3,3,3,5666,0,1,0.6333
No,Travel_Rarely,Manufacturing Director,36,3,15,14,8,8,2,8858,0,0,0.4267
Yes,Travel_Rarely,Healthcare Representative,57,3,12,5,4,3,4,9439,0,1,0.6133
No,Travel_Rarely,Laboratory Technician,36,2,10,10,8,4,2,5810,0,0,0.46
No,Travel_Rarely,Laboratory Technician,35,2,9,3,2,2,2,3681,0,0,0.3267
Yes,Travel_Frequently,Sales Executive,27,2,6,6,4,5,4,4647,0,1,0.6267
No,Non-Travel,Manager,45,4,22,20,8,8,2,16792,0,0,0.4067
No,Travel_Frequently,Sales Executive,27,2,5,4,1,2,3,4342,0,0,0.2933
No,Travel_Rarely,Manager,41,4,22,18,8,16,3,16595,0,0,0.4333
No,Non-Travel,Laboratory Technician,30,1,12,11,7,7,3,2564,0,0,0.4267
No,Non-Travel,Sales Representative,32,1,1,1,0,0,3,2827,0,0,0.18
No,Travel_Rarely,Research Director,55,5,36,24,15,15,4,18722,0,1,0.5267
No,Travel_Frequently,Manufacturing Director,54,3,33,5,4,4,3,10502,0,0,0.28
Yes,Travel_Rarely,Research Scientist,32,2,6,6,5,4,3,6322,0,1,0.56
No,Non-Travel,Sales Representative,33,1,3,2,2,2,2,2342,0,0,0.1333
No,Non-Travel,Research Scientist,27,1,6,2,2,2,3,2024,0,0,0.3
Yes,Travel_Rarely,Research Scientist,33,1,6,3,2,2,2,2799,0,0,0.4667
No,Non-Travel,Healthcare Representative,37,2,17,1,0,0,2,5163,0,0,0.2667
Yes,Travel_Rarely,Manufacturing Director,56,4,33,19,9,16,3,13402,0,1,0.56
Yes,Travel_Rarely,Laboratory Technician,29,2,10,9,8,5,2,4193,0,1,0.5667
No,Travel_Rarely,Research Director,38,3,19,10,1,8,2,12061,0,1,0.6267
No,Travel_Rarely,Healthcare Representative,42,2,14,1,0,0,2,6781,0,0,0.28
No,Travel_Rarely,Manufacturing Director,54,3,22,10,8,7,3,10739,0,0,0.4267
No,Travel_Rarely,Research Scientist,29,1,6,5,4,4,3,2703,0,0,0.42
No,Travel_Frequently,Sales Executive,26,2,7,7,7,7,2,4294,0,0,0.34
Yes,Non-Travel,Sales Executive,37,3,10,10,9,0,3,7642,0,1,0.6067
No,Travel_Rarely,Laboratory Technician,31,2,10,7,7,7,3,5915,0,0,0.46
No,Travel_Rarely,Research Director,43,4,22,4,0,1,3,17159,0,0,0.44
No,Travel_Rarely,Research Director,29,3,10,10,7,2,2,11935,0,1,0.52
No,Travel_Rarely,Sales Executive,30,3,10,8,7,4,3,7264,0,0,0.4067
No,Travel_Frequently,Healthcare Representative,40,4,22,22,11,3,2,13503,0,0,0.4133
No,Travel_Frequently,Sales Executive,56,4,36,7,7,7,4,13212,0,0,0.3533
No,Travel_Rarely,Sales Executive,25,2,6,3,2,2,4,6232,0,0,0.26
No,Non-Travel,Human Resources,42,2,10,4,3,3,4,6272,0,0,0.4533
No,Travel_Frequently,Sales Executive,32,3,9,9,7,8,3,8998,0,0,0.3533
No,Travel_Frequently,Laboratory Technician,32,2,10,10,7,8,3,5309,0,0,0.34
Yes,Travel_Rarely,Laboratory Technician,55,2,12,10,8,7,3,5415,0,1,0.5667
No,Non-Travel,Laboratory Technician,27,1,3,3,2,2,1,4621,0,0,0.1133
No,Travel_Frequently,Research Scientist,38,1,8,2,2,2,3,2821,0,0,0.24
No,Travel_Frequently,Sales Representative,37,1,10,5,0,4,3,2973,0,0,0.3533
Yes,Travel_Frequently,Healthcare Representative,26,2,5,5,3,3,3,4741,0,0,0.4933
No,Travel_Rarely,Manager,45,5,25,24,7,0,4,19202,0,0,0.4133
Yes,Travel_Rarely,Sales Executive,26,2,5,2,0,2,2,4157,0,1,0.54
Yes,Travel_Rarely,Sales Executive,41,3,12,9,7,7,3,8189,0,1,0.62
No,Travel_Rarely,Research Scientist,19,1,1,1,0,1,3,2552,0,0,0.22
No,Travel_Rarely,Sales Executive,40,3,15,12,11,11,2,10855,0,0,0.4067
No,Travel_Frequently,Laboratory Technician,43,2,9,9,0,7,2,5257,0,0,0.4333
No,Non-Travel,Laboratory Technician,35,1,1,1,0,0,2,1281,0,0,0.1467
No,Travel_Rarely,Manager,52,4,34,34,16,6,2,16856,0,0,0.4333
No,Travel_Rarely,Manufacturing Director,49,2,16,15,11,11,3,6567,0,0,0.4133
No,Non-Travel,Laboratory Technician,37,1,7,6,3,5,4,3500,0,0,0.44
No,Travel_Frequently,Laboratory Technician,43,1,8,3,2,2,3,2258,0,0,0.2467
No,Travel_Rarely,Sales Representative,23,1,3,0,0,0,3,2322,0,0,0.1533
Yes,Travel_Rarely,Manager,55,4,21,5,2,0,3,14756,0,0,0.4867
No,Travel_Rarely,Research Director,53,4,33,12,8,9,3,14275,0,1,0.5267
No,Travel_Frequently,Healthcare Representative,34,2,14,13,9,9,2,5343,0,0,0.34
No,Travel_Frequently,Healthcare Representative,34,2,7,6,4,2,3,7756,0,0,0.3867
No,Non-Travel,Manufacturing Director,30,3,12,11,8,8,2,8474,0,0,0.3933
No,Travel_Rarely,Research Scientist,32,1,8,5,4,4,3,3038,0,0,0.42
No,Travel_Rarely,Laboratory Technician,36,2,16,13,7,11,3,5914,0,0,0.46
No,Travel_Frequently,Sales Executive,40,2,5,0,0,0,3,4327,0,0,0.1867
No,Non-Travel,Laboratory Technician,36,2,11,9,8,8,3,5674,0,0,0.4067
No,Travel_Rarely,Research Scientist,21,1,0,0,0,0,3,1232,0,0,0.14
Yes,Travel_Rarely,Sales Representative,34,1,8,8,6,2,3,2579,0,1,0.5533
No,Travel_Rarely,Research Scientist,34,2,16,16,10,13,3,4809,0,0,0.4667
No,Travel_Rarely,Human Resources,39,2,13,5,4,4,2,5204,0,0,0.4133
No,Travel_Rarely,Research Scientist,45,2,12,10,8,9,3,3697,0,0,0.4667
Yes,Travel_Rarely,Sales Executive,38,2,19,1,0,0,3,6861,0,1,0.5867
No,Travel_Frequently,Research Director,31,3,9,2,2,2,3,13675,0,0,0.2533
Yes,Travel_Rarely,Laboratory Technician,26,1,3,3,2,2,3,2659,0,0,0.3267
No,Travel_Rarely,Laboratory Technician,30,2,10,9,7,2,2,4627,0,0,0.48
No,Travel_Rarely,Healthcare Representative,34,3,10,9,6,7,3,8500,0,0,0.4733
Yes,Travel_Rarely,Research Scientist,35,1,4,3,2,2,3,3506,0,0,0.4667
No,Travel_Rarely,Laboratory Technician,27,1,1,1,0,0,3,2341,0,0,0.1667
Yes,Travel_Rarely,Research Scientist,31,1,6,5,3,2,3,4821,0,1,0.52
No,Travel_Frequently,Laboratory Technician,39,1,8,8,7,3,3,3755,0,0,0.42
No,Travel_Rarely,Research Scientist,29,1,10,10,7,7,4,2700,0,0,0.4867
No,Travel_Rarely,Research Scientist,26,1,5,5,3,4,2,2368,0,0,0.4333
No,Travel_Rarely,Sales Executive,48,2,14,9,7,7,3,4051,0,0,0.3933
Yes,Travel_Rarely,Research Scientist,38,2,19,3,2,2,3,4317,0,0,0.4533
Yes,Travel_Rarely,Manufacturing Director,50,4,22,12,5,11,3,13973,0,1,0.56
No,Travel_Rarely,Sales Executive,37,3,12,5,3,3,3,7428,0,0,0.3933
No,Travel_Rarely,Human Resources,31,1,8,3,2,2,4,2109,0,0,0.3667
No,Travel_Frequently,Laboratory Technician,34,2,15,11,10,8,3,4444,0,0,0.34
No,Travel_Rarely,Healthcare Representative,34,2,10,5,3,1,3,6142,0,0,0.4
No,Travel_Frequently,Healthcare Representative,39,3,20,19,8,6,3,10938,0,0,0.3533
Yes,Travel_Frequently,Research Scientist,37,1,4,4,2,2,3,2326,0,0,0.34
Yes,Travel_Rarely,Manager,55,5,37,36,13,10,3,19045,0,1,0.5467
No,Travel_Rarely,Research Scientist,37,1,4,1,0,0,4,4680,0,0,0.2933
No,Travel_Rarely,Sales Executive,35,2,15,11,9,9,3,4717,0,0,0.3933
Yes,Travel_Frequently,Healthcare Representative,46,3,21,10,5,9,2,10673,0,0,0.48
No,Travel_Rarely,Laboratory Technician,36,1,7,1,0,0,3,2835,0,0,0.2867
No,Non-Travel,Laboratory Technician,24,1,6,5,4,2,2,3162,0,0,0.4067
Yes,Travel_Rarely,Research Director,50,5,29,8,7,1,3,19237,0,1,0.5267
No,Non-Travel,Laboratory Technician,32,1,5,3,2,0,2,2332,0,0,0.2533
No,Travel_Rarely,Research Scientist,34,1,6,6,3,5,2,4381,0,0,0.5
No,Travel_Rarely,Laboratory Technician,26,1,8,7,7,7,4,3578,0,0,0.48
No,Travel_Frequently,Sales Executive,33,2,10,5,3,3,4,5376,0,0,0.3333
No,Travel_Frequently,Research Scientist,38,1,3,2,2,1,3,2684,0,0,0.0933
No,Travel_Rarely,Laboratory Technician,37,1,8,3,2,2,3,3629,0,0,0.3333
Yes,Travel_Rarely,Healthcare Representative,35,3,10,8,0,7,3,7632,0,1,0.6267
No,Travel_Rarely,Laboratory Technician,32,2,9,6,4,2,2,2176,0,0,0.48
Yes,Travel_Frequently,Manufacturing Director,38,2,17,15,12,7,4,5980,0,0,0.46
Yes,Travel_Rarely,Manager,39,4,21,21,10,9,3,17068,0,1,0.5467
No,Travel_Rarely,Research Scientist,33,1,15,14,10,10,3,2781,0,0,0.4867
No,Travel_Rarely,Sales Executive,59,2,13,6,5,1,2,5171,0,0,0.4067
Yes,Travel_Rarely,Sales Executive,36,2,18,18,11,14,3,6201,0,1,0.6133
Yes,Travel_Frequently,Research Director,37,3,10,10,7,8,3,12185,0,0,0.5
No,Travel_Rarely,Research Scientist,28,1,5,5,2,3,3,3310,0,1,0.5133
Yes,Travel_Rarely,Research Director,49,5,31,31,9,9,2,19502,0,1,0.6533
Yes,Travel_Rarely,Research Scientist,34,1,6,6,3,5,2,3622,0,1,0.56
No,Travel_Frequently,Sales Executive,27,3,9,9,7,8,3,8726,0,0,0.3533
No,Travel_Rarely,Healthcare Representative,48,3,27,15,8,11,2,10999,0,0,0.4733
No,Travel_Rarely,Laboratory Technician,41,1,7,5,4,0,3,2238,0,0,0.4067
No,Travel_Frequently,Research Scientist,36,1,12,11,7,10,3,3692,0,0,0.3533
No,Non-Travel,Healthcare Representative,40,2,5,3,2,2,2,4876,0,0,0.3067
No,Travel_Rarely,Manufacturing Director,31,2,11,11,8,7,3,4424,0,0,0.4133
No,Travel_Frequently,Sales Executive,35,3,10,10,8,7,3,8789,0,0,0.3533
No,Travel_Rarely,Manufacturing Director,24,2,5,4,2,2,2,4377,0,0,0.3333
No,Travel_Rarely,Research Scientist,23,1,1,1,1,0,3,1223,0,0,0.1667
No,Travel_Rarely,Healthcare Representative,28,2,9,8,7,3,4,5661,0,1,0.54
No,Travel_Rarely,Sales Executive,60,2,10,2,2,2,3,5405,0,0,0.2467
Yes,Travel_Frequently,Manufacturing Director,47,2,20,19,7,10,4,5067,0,0,0.46
No,Travel_Rarely,Manager,41,5,23,21,6,6,2,19141,0,0,0.4333
No,Travel_Rarely,Laboratory Technician,24,1,6,4,2,3,3,3597,0,0,0.4867
No,Travel_Rarely,Laboratory Technician,29,1,8,4,3,3,2,2532,0,0,0.4933
Yes,Travel_Frequently,Healthcare Representative,55,2,17,8,7,7,3,6385,0,0,0.4733
Yes,Travel_Rarely,Laboratory Technician,30,2,10,10,0,8,2,5126,0,1,0.5733
No,Travel_Rarely,Sales Executive,26,2,6,5,4,3,3,6272,0,0,0.3667
No,Travel_Rarely,Laboratory Technician,37,1,18,18,17,7,3,3034,0,0,0.48
No,Travel_Rarely,Human Resources,36,1,6,5,3,4,2,2342,0,0,0.4467
Yes,Travel_Rarely,Sales Executive,36,2,15,5,1,4,3,9278,0,1,0.6867
No,Travel_Rarely,Research Director,38,3,15,15,11,12,3,13582,0,1,0.5267
No,Travel_Rarely,Research Scientist,38,1,8,0,0,0,3,2619,0,0,0.26
No,Travel_Rarely,Manager,51,4,29,20,17,6,3,16307,0,0,0.4333
Yes,Travel_Rarely,Research Scientist,37,2,13,7,7,7,4,5974,0,1,0.56
No,Travel_Rarely,Laboratory Technician,45,1,8,5,2,3,3,2270,0,1,0.5067
Yes,Travel_Rarely,Research Scientist,52,2,18,10,9,9,3,5577,0,1,0.56
No,Travel_Rarely,Healthcare Representative,49,3,26,5,0,2,2,10965,0,0,0.48
No,Non-Travel,Manufacturing Director,24,2,5,4,3,2,4,4011,0,0,0.3333
No,Travel_Rarely,Research Scientist,22,1,3,2,2,2,3,2773,0,0,0.12
No,Travel_Frequently,Manager,42,5,24,24,9,7,3,18430,0,0,0.34
Yes,Travel_Frequently,Research Scientist,33,1,8,8,0,7,3,2909,0,0,0.4267
No,Travel_Rarely,Manufacturing Director,37,2,7,7,7,5,2,5993,0,0,0.4133
Yes,Travel_Frequently,Manager,39,5,21,21,6,8,3,19197,0,0,0.42
No,Travel_Frequently,Sales Executive,36,2,17,15,13,7,4,4639,0,0,0.34
No,Travel_Rarely,Healthcare Representative,50,3,20,4,3,3,2,10496,0,0,0.4867
No,Travel_Rarely,Research Director,33,3,14,13,7,9,3,11691,0,1,0.5267
Yes,Travel_Frequently,Laboratory Technician,43,2,10,8,7,7,3,5679,0,0,0.46
No,Travel_Rarely,Research Scientist,30,2,11,10,9,8,3,5775,0,0,0.4667
No,Travel_Rarely,Manufacturing Director,27,2,4,3,2,2,3,4227,0,0,0.2867
No,Travel_Rarely,Manager,42,4,23,22,7,6,3,17665,0,0,0.4333
Yes,Travel_Rarely,Healthcare Representative,29,2,6,6,0,0,3,6623,0,0,0.5
No,Travel_Rarely,Manufacturing Director,37,3,10,10,8,7,3,9434,0,0,0.4267
No,Travel_Rarely,Research Director,40,5,22,21,9,7,3,19436,0,1,0.5267
No,Travel_Rarely,Research Director,40,5,21,20,9,7,2,19626,0,1,0.5267
No,Travel_Rarely,Sales Executive,30,3,12,10,4,9,3,9419,0,0,0.4067
No,Non-Travel,Manufacturing Director,31,2,6,5,4,4,1,4345,0,0,0.3333
Yes,Non-Travel,Manufacturing Director,30,2,10,8,7,4,3,4695,0,1,0.5333
Yes,Travel_Rarely,Laboratory Technician,59,1,12,1,0,0,4,2670,0,0,0.4467
No,Travel_Rarely,Sales Executive,28,2,5,5,4,3,2,4724,0,0,0.3667
No,Travel_Rarely,Healthcare Representative,36,3,10,7,7,7,3,7094,0,0,0.4733
No,Non-Travel,Sales Executive,31,2,9,9,0,8,3,6932,0,0,0.44
No,Non-Travel,Sales Executive,40,3,20,1,1,0,1,10932,0,0,0.2267
No,Travel_Rarely,Laboratory Technician,27,1,4,2,2,2,3,2811,0,0,0.3133
Yes,Travel_Frequently,Research Director,50,5,28,8,7,3,3,18172,0,1,0.52
No,Travel_Frequently,Healthcare Representative,46,3,28,2,2,2,3,10527,0,0,0.2467
No,Travel_Rarely,Research Director,37,3,16,5,2,2,3,13664,0,0,0.5
No,Travel_Rarely,Sales Executive,26,2,8,0,0,0,3,4306,0,0,0.2867
No,Travel_Rarely,Manager,50,5,32,7,6,0,3,19517,0,0,0.4133
No,Travel_Rarely,Laboratory Technician,31,1,4,4,2,2,2,2218,0,0,0.3867
No,Travel_Frequently,Research Scientist,26,1,5,5,3,3,2,2007,0,0,0.3733
No,Travel_Frequently,Sales Executive,33,2,5,4,3,3,3,4373,0,0,0.3333
Yes,Travel_Rarely,Manager,59,3,14,6,4,4,3,11904,0,1,0.5467
Yes,Travel_Rarely,Healthcare Representative,45,4,21,20,10,7,3,13496,0,1,0.6
Yes,Travel_Rarely,Healthcare Representative,58,3,24,6,4,0,2,10552,0,1,0.5333
No,Travel_Rarely,Research Scientist,28,1,5,5,2,2,3,2713,0,0,0.46
No,Travel_Rarely,Sales Executive,30,2,10,10,4,3,2,6578,0,0,0.44
Yes,Travel_Frequently,Sales Executive,46,2,14,9,8,6,3,5772,0,1,0.6267
No,Travel_Rarely,Research Scientist,22,1,2,2,2,2,3,2323,0,0,0.14
Yes,Non-Travel,Laboratory Technician,22,1,1,1,0,0,4,2935,0,0,0.3933
Yes,Travel_Rarely,Research Scientist,36,1,6,1,0,1,2,3419,0,0,0.4133
No,Travel_Frequently,Laboratory Technician,43,1,9,8,7,7,3,2455,0,0,0.36
No,Travel_Frequently,Sales Executive,60,3,22,18,11,13,2,10266,0,0,0.3533
Yes,Travel_Rarely,Sales Executive,34,2,4,3,2,2,3,4538,0,1,0.5333
Yes,Travel_Rarely,Sales Executive,38,3,9,8,7,7,2,8740,0,1,0.62
Yes,Travel_Rarely,Sales Executive,25,2,5,5,3,4,2,4487,0,1,0.6133
No,Travel_Rarely,Healthcare Representative,49,2,20,3,2,2,3,6651,0,0,0.34
No,Travel_Rarely,Human Resources,45,1,6,6,4,3,3,2177,0,1,0.5667
No,Travel_Rarely,Research Director,43,4,25,25,9,10,2,14336,0,1,0.5267
No,Travel_Frequently,Research Director,34,4,16,14,9,8,3,17007,0,0,0.3733
Yes,Travel_Rarely,Sales Representative,34,1,1,1,0,1,3,2220,0,0,0.3733
No,Travel_Rarely,Research Scientist,23,1,2,2,2,2,4,3505,0,0,0.14
Yes,Travel_Rarely,Research Scientist,37,1,6,5,3,3,3,2782,0,1,0.58
No,Travel_Rarely,Sales Representative,35,1,3,3,2,2,3,2572,0,0,0.16
No,Travel_Rarely,Research Scientist,23,1,4,4,2,2,3,2904,0,0,0.4067
No,Travel_Rarely,Sales Executive,25,2,6,6,4,5,3,6180,0,0,0.3933
No,Non-Travel,Research Scientist,43,1,7,5,2,4,4,2089,0,0,0.3933
No,Travel_Rarely,Sales Executive,25,2,5,4,1,3,3,4950,0,0,0.4
No,Travel_Rarely,Manager,52,4,31,5,4,2,3,16555,0,0,0.3933
No,Travel_Frequently,Sales Executive,36,3,16,13,12,9,2,9699,0,0,0.3533
No,Travel_Rarely,Manufacturing Director,26,2,8,8,3,7,4,5472,0,0,0.4267
No,Travel_Frequently,Research Scientist,56,1,18,5,3,4,3,2942,0,0,0.3133
Yes,Travel_Frequently,Research Scientist,34,1,5,5,0,3,3,3815,0,0,0.44
No,Travel_Rarely,Sales Representative,38,1,3,2,2,2,2,2899,0,0,0.16
No,Travel_Rarely,Laboratory Technician,36,1,16,15,11,13,3,3210,0,0,0.48
No,Travel_Rarely,Laboratory Technician,26,1,6,5,3,3,2,3955,0,1,0.5067
Yes,Travel_Rarely,Research Scientist,27,1,6,5,1,2,3,3058,0,1,0.56
No,Travel_Frequently,Sales Executive,43,2,7,2,2,2,2,6804,0,0,0.2067
No,Non-Travel,Sales Executive,36,3,10,10,9,7,2,7587,0,0,0.38
No,Travel_Rarely,Laboratory Technician,40,1,7,4,3,2,3,2387,0,0,0.4
No,Travel_Rarely,Laboratory Technician,22,1,3,2,1,1,3,2523,0,0,0.14
No,Travel_Rarely,Laboratory Technician,26,1,8,8,7,7,4,4420,0,0,0.48
Yes,Travel_Rarely,Manufacturing Director,31,3,11,11,10,9,3,7143,0,1,0.56
No,Travel_Rarely,Research Scientist,28,1,5,5,4,2,3,2070,0,0,0.4467
Yes,Travel_Rarely,Research Scientist,37,1,8,6,3,4,3,2996,0,1,0.56
No,Travel_Rarely,Laboratory Technician,42,2,16,1,0,0,1,4272,0,0,0.3067
No,Non-Travel,Research Scientist,44,1,6,0,0,0,1,2290,0,0,0.2667
No,Travel_Rarely,Sales Representative,28,1,1,1,0,0,3,1052,0,0,0.22
Yes,Travel_Rarely,Healthcare Representative,31,2,6,6,1,5,3,6833,0,1,0.6667
No,Travel_Rarely,Research Scientist,45,1,1,1,0,0,2,2274,0,0,0.16
No,Travel_Rarely,Laboratory Technician,50,1,8,1,0,0,3,2380,0,0,0.2867
No,Travel_Frequently,Healthcare Representative,51,3,23,13,8,12,2,7484,0,0,0.3533
Yes,Travel_Rarely,Research Scientist,42,2,18,1,0,0,4,2372,0,0,0.4333
No,Travel_Rarely,Sales Executive,32,2,12,11,7,8,3,5010,0,0,0.3933
No,Travel_Frequently,Sales Executive,32,2,9,8,7,7,1,4668,0,0,0.3467
No,Travel_Rarely,Research Scientist,32,1,1,1,0,0,3,2956,0,0,0.16
Yes,Travel_Rarely,Sales Executive,33,3,10,9,8,8,4,8380,0,1,0.62
Yes,Travel_Rarely,Sales Executive,47,2,9,9,7,0,3,4163,0,1,0.62
No,Travel_Frequently,Sales Executive,35,2,5,5,2,2,3,4968,0,0,0.2733
No,Travel_Rarely,Research Scientist,29,1,6,3,2,2,3,2201,0,0,0.3467
No,Travel_Rarely,Sales Representative,32,1,6,4,2,3,3,3931,0,0,0.46
No,Non-Travel,Laboratory Technician,28,2,10,9,5,8,1,6674,0,0,0.42
No,Travel_Rarely,Manager,35,3,10,7,2,7,4,11996,0,0,0.4667
No,Travel_Rarely,Manufacturing Director,34,2,7,0,0,0,3,5121,0,0,0.2467
Yes,Travel_Rarely,Manufacturing Director,36,2,13,3,2,2,2,8847,0,0,0.46
No,Travel_Rarely,Manager,52,5,34,33,9,18,2,19999,0,0,0.4333
No,Travel_Frequently,Laboratory Technician,35,2,10,6,2,2,3,4425,0,0,0.3733
Yes,Travel_Rarely,Healthcare Representative,44,2,9,4,3,2,3,6465,0,1,0.5267
Yes,Travel_Rarely,Research Scientist,40,1,5,4,3,2,2,2342,0,0,0.5
No,Travel_Frequently,Manager,50,5,32,32,7,5,3,18200,0,0,0.34
No,Travel_Frequently,Manager,50,4,32,2,2,2,3,17856,0,0,0.2333
No,Travel_Rarely,Healthcare Representative,57,2,15,3,2,2,3,6755,0,0,0.34
Yes,Travel_Rarely,Manager,30,3,9,9,8,1,3,11916,0,0,0.4867
No,Travel_Rarely,Sales Executive,31,2,13,7,7,7,4,5460,0,0,0.3933
Yes,Non-Travel,Manager,52,5,33,33,12,7,2,19068,0,0,0.4933
No,Travel_Rarely,Healthcare Representative,33,2,6,5,4,0,2,6949,0,0,0.38
No,Non-Travel,Sales Executive,33,2,8,7,7,7,3,6146,0,0,0.3667
No,Travel_Rarely,Laboratory Technician,34,2,10,8,7,7,3,5429,0,0,0.46
No,Travel_Rarely,Laboratory Technician,51,1,10,4,3,2,3,2075,0,0,0.4
No,Travel_Rarely,Research Director,50,5,28,10,6,4,3,19144,0,1,0.5267
No,Travel_Rarely,Manager,46,5,26,11,8,4,2,18789,0,0,0.4333
No,Travel_Rarely,Laboratory Technician,22,1,4,4,1,3,1,2451,0,1,0.5267
No,Travel_Frequently,Sales Executive,29,3,11,11,1,10,3,7918,0,0,0.36
Yes,Travel_Rarely,Research Scientist,22,1,4,4,2,2,4,2328,0,0,0.48
No,Travel_Rarely,Manager,46,4,28,26,9,15,3,17048,0,0,0.4333
No,Travel_Rarely,Human Resources,29,3,10,10,9,9,2,7988,0,0,0.48
No,Travel_Frequently,Laboratory Technician,38,2,10,10,9,3,3,2406,0,0,0.4
No,Travel_Rarely,Research Scientist,41,1,13,9,8,8,3,2451,0,0,0.4867
No,Non-Travel,Laboratory Technician,40,2,11,8,7,7,3,3975,0,0,0.4067
Yes,Non-Travel,Sales Executive,31,3,10,10,6,8,3,9852,0,1,0.62
No,Travel_Frequently,Sales Executive,50,3,16,2,1,2,3,9208,0,0,0.24
Yes,Travel_Rarely,Manager,51,4,33,33,10,9,3,14026,0,1,0.5467
No,Travel_Frequently,Manufacturing Director,31,3,10,10,9,9,2,8943,0,0,0.3267
No,Travel_Rarely,Laboratory Technician,45,2,20,17,15,9,3,2348,0,0,0.46
No,Non-Travel,Research Scientist,52,1,5,4,2,3,3,4258,0,0,0.4533
No,Travel_Rarely,Sales Executive,29,2,10,0,0,0,2,6644,0,0,0.2867
No,Travel_Rarely,Healthcare Representative,44,3,24,22,17,6,2,10248,0,0,0.4733
No,Travel_Frequently,Manufacturing Director,36,2,6,6,3,5,2,6499,0,0,0.32
Yes,Travel_Rarely,Research Scientist,31,1,3,2,2,2,2,2657,0,0,0.32
Yes,Travel_Rarely,Research Scientist,21,1,2,2,2,2,2,2070,0,0,0.34
No,Travel_Frequently,Sales Executive,36,3,10,9,8,7,3,9738,0,0,0.3533
No,Travel_Rarely,Manufacturing Director,25,2,5,4,2,2,3,4898,0,0,0.3333
No,Non-Travel,Manufacturing Director,46,2,7,1,0,0,3,5258,0,0,0.2667
No,Travel_Rarely,Laboratory Technician,29,1,4,3,2,2,2,3983,0,0,0.3333
No,Travel_Rarely,Sales Executive,26,2,8,8,7,7,3,5296,0,0,0.3933
No,Non-Travel,Manager,55,4,31,9,2,7,2,16756,0,0,0.4267
No,Travel_Rarely,Laboratory Technician,35,1,1,1,0,0,3,1951,0,0,0.1667
No,Travel_Rarely,Manufacturing Director,32,2,8,8,3,7,3,6725,0,0,0.4267
Yes,Travel_Frequently,Research Scientist,35,2,9,9,1,6,3,4249,0,0,0.48
Yes,Travel_Frequently,Laboratory Technician,28,1,5,4,2,2,3,2154,0,0,0.34
No,Travel_Frequently,Manufacturing Director,45,2,9,3,2,2,4,6434,0,0,0.22
No,Travel_Rarely,Manufacturing Director,42,2,10,9,8,8,3,4434,0,0,0.4133
No,Non-Travel,Sales Executive,29,2,4,4,2,3,3,4649,0,0,0.3267
Yes,Travel_Rarely,Research Scientist,26,1,8,8,2,5,3,2875,0,1,0.5467
No,Travel_Rarely,Sales Executive,59,3,28,21,9,16,3,7637,0,0,0.4067
No,Travel_Rarely,Research Scientist,31,1,5,5,3,2,3,2911,0,0,0.46
Yes,Travel_Rarely,Manufacturing Director,52,3,28,5,4,4,2,7969,0,1,0.5533
No,Travel_Rarely,Healthcare Representative,38,3,20,19,9,9,2,8823,0,0,0.4733
No,Travel_Rarely,Laboratory Technician,30,1,6,5,2,3,2,2720,0,1,0.5067
No,Non-Travel,Research Scientist,34,1,6,0,0,0,2,2979,0,0,0.2467
No,Travel_Rarely,Research Scientist,41,2,17,1,0,0,3,3072,0,0,0.28
Yes,Travel_Frequently,Research Scientist,42,1,8,2,2,1,3,2515,0,0,0.3467
No,Travel_Rarely,Manager,41,5,22,22,10,7,2,19189,0,0,0.4333
No,Travel_Rarely,Sales Executive,30,2,4,2,2,1,3,5301,0,0,0.2533
No,Non-Travel,Laboratory Technician,30,2,12,12,10,9,3,3072,0,0,0.4067
No,Travel_Rarely,Research Scientist,27,1,1,1,0,1,3,2318,0,0,0.22
No,Travel_Rarely,Sales Executive,38,3,17,16,13,10,3,10609,0,0,0.4067
No,Non-Travel,Sales Executive,36,2,12,7,7,7,3,5079,0,0,0.3667
No,Travel_Rarely,Sales Executive,39,2,17,15,9,11,2,5902,0,0,0.3933
No,Travel_Rarely,Manufacturing Director,46,2,19,10,8,7,3,4810,0,0,0.4133
Yes,Travel_Rarely,Sales Executive,46,3,15,3,2,2,2,9071,0,1,0.5533
Yes,Travel_Rarely,Laboratory Technician,41,1,20,18,17,13,3,4721,0,1,0.56
No,Travel_Rarely,Human Resources,39,2,12,8,6,3,4,6389,0,1,0.5467
No,Travel_Rarely,Research Director,34,3,13,12,11,6,3,11994,0,1,0.5267
Yes,Travel_Rarely,Sales Executive,29,2,7,7,7,7,2,8268,0,1,0.6133
Yes,Travel_Rarely,Research Scientist,37,1,8,8,7,7,4,3564,0,1,0.5533
No,Travel_Rarely,Laboratory Technician,35,1,1,1,1,0,4,2269,0,0,0.1733
No,Travel_Rarely,Healthcare Representative,46,3,17,4,3,2,3,9396,0,0,0.4067
No,Travel_Frequently,Research Scientist,30,1,10,5,3,4,2,3761,0,0,0.3133
No,Travel_Rarely,Research Scientist,29,1,11,7,7,5,3,2514,0,0,0.4867
Yes,Travel_Rarely,Laboratory Technician,50,1,20,20,8,8,4,3221,0,1,0.56
No,Travel_Rarely,Sales Executive,34,2,6,6,3,5,3,5714,0,0,0.4067
No,Travel_Rarely,Healthcare Representative,48,2,19,2,2,2,2,4240,0,0,0.32
Yes,Travel_Rarely,Healthcare Representative,43,2,8,5,2,2,3,4522,0,1,0.5133
No,Travel_Rarely,Sales Executive,34,2,10,10,7,7,4,5337,0,0,0.3933
Yes,Travel_Rarely,Sales Executive,60,2,12,11,9,7,4,5220,0,1,0.6133
No,Travel_Rarely,Laboratory Technician,52,1,12,5,4,4,3,2950,0,0,0.42
No,Travel_Rarely,Research Scientist,25,1,2,2,1,2,2,2889,0,0,0.1533
No,Travel_Rarely,Manager,46,5,22,2,1,2,3,18947,0,0,0.3
No,Travel_Rarely,Research Scientist,29,1,3,3,2,2,3,3760,0,0,0.1333
No,Travel_Rarely,Research Scientist,45,1,8,2,2,2,3,2654,0,0,0.3267
No,Travel_Rarely,Sales Executive,30,2,8,3,2,2,3,4779,0,0,0.26
No,Travel_Frequently,Sales Executive,33,2,10,10,1,7,3,4539,0,0,0.3467
No,Travel_Rarely,Human Resources,33,1,5,5,4,4,3,3600,0,0,0.4333
No,Travel_Frequently,Laboratory Technician,42,1,12,12,8,9,3,3673,0,0,0.36
No,Travel_Rarely,Sales Executive,43,3,23,21,17,7,2,10231,0,0,0.4067
No,Travel_Rarely,Manufacturing Director,39,4,21,21,8,6,2,12742,0,0,0.4267
No,Travel_Rarely,Laboratory Technician,39,1,7,3,2,2,3,2232,0,0,0.3333
Yes,Non-Travel,Sales Executive,35,3,16,13,12,2,2,10377,0,1,0.5733
No,Travel_Rarely,Sales Executive,51,2,18,7,7,7,3,4936,0,0,0.3933
No,Travel_Rarely,Healthcare Representative,40,2,15,12,8,11,4,6377,0,0,0.4667
No,Travel_Rarely,Sales Executive,32,2,10,10,8,7,4,6209,0,0,0.3933
No,Travel_Rarely,Research Scientist,28,1,6,2,2,2,3,2377,0,0,0.3267
No,Travel_Rarely,Manager,40,5,21,20,12,15,3,18041,0,0,0.4333
No,Travel_Frequently,Laboratory Technician,45,3,24,24,11,9,3,5210,0,0,0.3533
Yes,Travel_Rarely,Manager,44,5,26,2,1,2,3,19513,0,1,0.54
Yes,Travel_Rarely,Research Director,50,4,25,3,2,2,3,16880,0,1,0.5733
Yes,Non-Travel,Laboratory Technician,45,2,9,9,8,8,3,3633,0,1,0.5267
No,Travel_Frequently,Sales Executive,35,3,9,9,8,8,3,9069,0,0,0.3533
No,Travel_Rarely,Manufacturing Director,48,3,11,10,8,9,3,7898,0,0,0.4267
No,Travel_Rarely,Research Scientist,40,2,9,9,7,8,3,3319,0,0,0.4667
Yes,Travel_Rarely,Human Resources,42,1,4,3,0,2,3,2696,0,0,0.5
No,Travel_Rarely,Research Scientist,21,1,3,3,0,2,2,3230,0,0,0.2267
Yes,Travel_Rarely,Research Scientist,38,1,6,1,1,0,3,3057,0,0,0.4867
Yes,Travel_Rarely,Laboratory Technician,35,1,4,2,2,2,3,4014,0,0,0.4667
No,Travel_Rarely,Manager,53,4,22,17,2,13,3,14852,0,0,0.4667
No,Travel_Frequently,Manufacturing Director,35,3,10,2,2,2,3,9362,0,0,0.24
No,Travel_Frequently,Laboratory Technician,36,1,13,8,2,7,3,2088,0,0,0.3533
No,Travel_Rarely,Healthcare Representative,36,3,17,17,8,14,3,10096,0,0,0.4733
Yes,Travel_Rarely,Manufacturing Director,59,4,30,5,3,3,2,13726,0,1,0.5733
No,Travel_Rarely,Sales Executive,49,4,22,9,3,8,2,13120,0,0,0.42
No,Travel_Rarely,Laboratory Technician,36,1,5,1,0,0,4,3038,0,0,0.2867
No,Travel_Rarely,Research Director,53,4,32,5,3,1,4,14814,0,0,0.4333
No,Travel_Rarely,Sales Executive,53,4,28,2,2,0,3,11836,0,0,0.2467
No,Travel_Rarely,Manufacturing Director,29,3,10,10,8,9,4,9980,0,0,0.4267
Yes,Travel_Rarely,Sales Executive,31,2,10,6,5,5,3,6582,0,1,0.6133
Yes,Travel_Rarely,Human Resources,33,1,7,4,3,3,3,2277,0,1,0.6
No,Travel_Rarely,Laboratory Technician,25,1,7,3,2,2,3,3229,0,0,0.3333
No,Travel_Rarely,Healthcare Representative,34,3,9,8,7,7,2,8621,0,0,0.4733
Yes,Travel_Frequently,Research Director,33,3,15,15,12,14,3,13458,0,0,0.5
Yes,Travel_Rarely,Manufacturing Director,45,3,10,3,2,1,3,9380,0,0,0.4533
Yes,Travel_Frequently,Research Scientist,40,2,16,1,0,1,2,4422,0,0,0.3333
No,Travel_Rarely,Research Scientist,22,1,2,2,2,1,3,2244,0,0,0.1333
Yes,Travel_Rarely,Research Director,43,4,21,1,0,0,2,16627,0,0,0.4667
No,Travel_Rarely,Manager,48,3,15,0,0,0,3,12504,0,0,0.2467
No,Non-Travel,Research Scientist,18,1,0,0,0,0,3,1051,0,0,0.1333
No,Travel_Rarely,Manufacturing Director,35,3,17,16,13,6,3,8095,0,0,0.4267
Yes,Travel_Frequently,Laboratory Technician,28,1,2,2,2,2,2,3867,0,0,0.2467
No,Travel_Rarely,Manager,48,4,21,3,2,2,2,15402,0,0,0.3
No,Travel_Rarely,Manager,40,5,21,20,9,8,3,19033,0,0,0.4333
Yes,Travel_Rarely,Sales Executive,25,2,5,5,3,3,3,4194,0,1,0.6267
No,Travel_Frequently,Manufacturing Director,55,3,23,3,2,2,3,10976,0,0,0.2333
No,Travel_Rarely,Manufacturing Director,31,3,13,13,8,8,3,10648,0,0,0.4267
No,Travel_Rarely,Manufacturing Director,36,2,7,3,1,2,3,4941,0,0,0.3333
No,Travel_Rarely,Sales Executive,38,2,11,7,7,7,3,6893,0,0,0.3933
Yes,Travel_Rarely,Research Scientist,56,1,19,2,2,2,3,4257,0,0,0.46
No,Travel_Frequently,Sales Executive,59,2,20,4,3,3,2,5473,0,0,0.3333
Yes,Travel_Rarely,Research Scientist,27,1,4,4,2,3,3,2478,0,1,0.5533
No,Travel_Rarely,Sales Executive,35,3,12,10,8,9,3,7823,0,0,0.4067
No,Travel_Rarely,Laboratory Technician,34,1,1,1,0,0,3,2008,0,0,0.1667
Yes,Travel_Rarely,Research Scientist,42,2,10,3,2,2,4,6545,0,0,0.4533
No,Travel_Rarely,Research Scientist,34,2,12,1,0,0,2,4505,0,0,0.28
No,Travel_Rarely,Sales Executive,41,3,10,10,7,7,4,8392,0,0,0.4067
No,Travel_Rarely,Research Scientist,32,2,9,5,3,3,4,5175,0,0,0.4867
No,Non-Travel,Sales Executive,50,2,19,18,13,7,3,6347,0,0,0.3667
No,Non-Travel,Manufacturing Director,36,2,18,11,9,9,3,7779,0,0,0.38
No,Travel_Rarely,Manager,44,5,26,22,10,9,3,18213,0,0,0.4333
No,Travel_Rarely,Sales Executive,25,2,4,3,2,2,4,4851,0,0,0.26
No,Travel_Rarely,Research Scientist,33,1,5,3,2,2,3,3452,0,0,0.3467
Yes,Travel_Rarely,Research Scientist,27,1,9,9,8,7,3,2235,0,1,0.5533
Yes,Travel_Rarely,Manufacturing Director,29,2,10,10,2,7,2,5056,0,1,0.5267
No,Travel_Rarely,Laboratory Technician,50,1,5,3,2,2,2,3690,0,0,0.3333
No,Travel_Rarely,Research Scientist,25,1,2,2,1,2,3,2096,0,0,0.1533
No,Travel_Rarely,Human Resources,35,1,6,5,4,4,3,4323,0,0,0.4333
No,Travel_Rarely,Manager,57,4,32,1,0,0,2,14118,0,0,0.26
Yes,Non-Travel,Healthcare Representative,58,2,12,5,2,3,1,5660,0,1,0.5067
No,Travel_Rarely,Manufacturing Director,51,2,13,4,2,1,1,5482,0,0,0.3067
No,Travel_Rarely,Research Director,33,4,10,6,5,1,4,16184,0,0,0.4867
No,Travel_Rarely,Sales Executive,38,3,10,1,0,0,3,7351,0,0,0.2933
Yes,Non-Travel,Research Director,37,3,15,5,2,2,3,13603,0,0,0.4933
No,Travel_Rarely,Research Scientist,37,1,8,1,0,0,3,3022,0,0,0.2933
No,Travel_Rarely,Manufacturing Director,39,2,9,8,7,7,3,4534,0,0,0.4133
No,Travel_Rarely,Laboratory Technician,52,2,9,5,4,2,3,3149,0,0,0.4133
No,Travel_Rarely,Healthcare Representative,40,3,14,11,1,10,3,10322,0,1,0.56
No,Travel_Rarely,Sales Executive,35,2,5,5,0,2,3,4601,0,0,0.4133
Yes,Travel_Rarely,Sales Representative,47,1,3,3,2,2,2,3294,0,0,0.3533
Yes,Non-Travel,Manager,54,4,23,5,4,3,4,17328,0,0,0.5
No,Non-Travel,Manufacturing Director,29,2,10,10,9,7,3,4319,0,0,0.38
No,Travel_Rarely,Research Scientist,28,1,5,3,2,2,3,2080,0,0,0.3467
No,Travel_Rarely,Laboratory Technician,36,1,16,11,9,8,3,2519,0,0,0.48
No,Travel_Frequently,Human Resources,34,2,14,10,8,9,2,4490,0,0,0.34
No,Travel_Frequently,Manager,39,5,21,21,3,9,2,19272,0,0,0.3467
No,Travel_Rarely,Research Scientist,44,1,10,10,7,5,4,2011,0,0,0.4867
No,Travel_Rarely,Laboratory Technician,49,3,29,26,7,9,3,7403,0,0,0.4667
No,Travel_Rarely,Sales Executive,30,2,8,4,3,3,3,4115,0,0,0.3733
No,Non-Travel,Research Director,40,3,16,9,8,8,2,13757,0,0,0.4667
No,Non-Travel,Laboratory Technician,44,1,9,5,4,2,1,3708,0,0,0.4267
No,Travel_Frequently,Manufacturing Director,52,4,31,9,0,8,2,13826,0,0,0.4
No,Travel_Rarely,Research Director,54,4,29,20,7,7,3,17328,0,1,0.5267
No,Non-Travel,Healthcare Representative,35,2,16,1,0,0,3,5093,0,0,0.2667
No,Travel_Rarely,Healthcare Representative,29,2,11,8,1,7,3,4335,0,1,0.5467
No,Travel_Rarely,Laboratory Technician,22,1,1,0,0,0,3,2871,0,0,0.1267
No,Travel_Rarely,Healthcare Representative,38,2,18,1,0,0,3,9824,0,0,0.28
No,Travel_Rarely,Sales Executive,33,2,9,9,8,8,4,4037,0,0,0.3933
No,Travel_Rarely,Manufacturing Director,31,2,13,13,12,10,3,4306,0,0,0.4133
No,Travel_Rarely,Sales Executive,29,2,6,6,2,0,3,5561,0,0,0.4067
No,Travel_Frequently,Sales Representative,29,1,3,3,2,1,3,2157,0,0,0.08
No,Travel_Frequently,Research Scientist,54,2,20,4,3,3,3,4869,0,0,0.3533
Yes,Travel_Rarely,Manufacturing Director,54,2,9,5,4,3,3,5485,0,1,0.5533
No,Travel_Rarely,Research Scientist,47,1,17,6,2,5,3,3420,0,1,0.5067
No,Travel_Rarely,Healthcare Representative,36,2,17,7,7,7,3,5237,0,0,0.4667
Yes,Travel_Rarely,Research Scientist,41,1,7,4,3,2,4,2127,0,0,0.5
No,Travel_Rarely,Research Scientist,32,2,10,7,7,7,4,5055,0,0,0.4667
No,Travel_Rarely,Manager,42,5,22,22,15,17,3,19232,0,0,0.4333
No,Travel_Rarely,Sales Executive,58,4,38,37,8,10,3,13872,0,0,0.4067
No,Travel_Rarely,Manufacturing Director,37,2,8,6,4,2,3,6347,0,0,0.4333
Yes,Travel_Frequently,Manufacturing Director,39,3,21,21,8,6,3,10880,0,0,0.4733
No,Travel_Rarely,Sales Executive,31,2,13,7,7,7,3,7547,0,0,0.3933
Yes,Travel_Rarely,Sales Executive,45,2,9,5,3,4,3,5006,0,1,0.6133
No,Travel_Rarely,Human Resources,26,1,8,8,7,7,3,2942,0,0,0.4933
No,Travel_Rarely,Sales Executive,35,2,5,5,3,4,3,4859,0,0,0.3333
No,Non-Travel,Laboratory Technician,30,1,9,5,4,3,3,2097,0,0,0.4467
No,Travel_Frequently,Manufacturing Director,34,2,5,3,2,2,3,4033,0,0,0.22
No,Travel_Rarely,Sales Executive,43,3,18,1,0,0,2,10798,0,0,0.2933
No,Travel_Rarely,Healthcare Representative,35,2,10,1,0,1,2,6540,0,0,0.3
Yes,Travel_Rarely,Sales Executive,35,2,15,7,7,7,3,8966,0,1,0.6133
No,Travel_Rarely,Laboratory Technician,54,2,19,1,0,0,3,3780,0,0,0.2733
No,Travel_Rarely,Sales Representative,20,1,2,2,2,1,4,2678,0,0,0.1667
No,Travel_Frequently,Research Director,41,5,21,18,11,16,3,19419,0,0,0.3733
No,Travel_Rarely,Manager,56,5,36,7,7,3,3,19717,0,1,0.5067
Yes,Travel_Rarely,Sales Executive,27,2,5,5,4,4,3,4478,0,1,0.6067
No,Travel_Rarely,Research Scientist,44,2,20,20,17,11,3,4541,0,0,0.4667
No,Travel_Rarely,Research Scientist,34,1,2,1,0,0,4,2585,0,0,0.1333
No,Travel_Rarely,Human Resources,34,1,4,3,2,2,3,3737,0,0,0.3667
No,Non-Travel,Sales Executive,34,2,6,3,2,2,3,6538,0,0,0.2267
No,Non-Travel,Laboratory Technician,18,1,0,0,0,0,3,1611,0,0,0.1533
No,Travel_Rarely,Research Scientist,33,1,2,2,2,2,2,2911,0,0,0.14
No,Travel_Rarely,Research Scientist,34,1,10,4,3,2,4,3280,0,0,0.4133
Yes,Travel_Rarely,Manager,55,4,30,5,2,4,3,16659,0,1,0.5333
No,Travel_Rarely,Laboratory Technician,25,1,7,3,2,2,3,3669,0,0,0.3333
No,Non-Travel,Sales Executive,30,3,10,9,8,8,3,8412,0,0,0.38
No,Travel_Rarely,Laboratory Technician,28,2,10,10,8,0,3,4558,0,0,0.4467
No,Travel_Rarely,Manager,42,5,21,1,0,0,3,18303,0,0,0.26
Yes,Travel_Rarely,Laboratory Technician,41,1,6,1,0,0,3,4766,0,0,0.4467
No,Travel_Rarely,Sales Executive,28,2,4,4,2,2,3,4908,0,0,0.3
No,Travel_Rarely,Laboratory Technician,35,1,3,3,2,2,3,3917,0,0,0.1333
No,Travel_Rarely,Research Scientist,37,1,17,17,7,12,3,2115,0,0,0.4867
No,Travel_Rarely,Laboratory Technician,40,2,20,1,0,0,2,3448,0,0,0.2733
No,Non-Travel,Research Director,41,5,21,21,10,16,1,19973,0,0,0.4733
Yes,Travel_Rarely,Sales Executive,24,2,5,5,3,2,3,4260,0,1,0.5867
No,Travel_Frequently,Laboratory Technician,30,2,12,12,7,8,3,4011,0,0,0.34
No,Travel_Rarely,Sales Executive,36,3,10,10,0,9,2,7596,0,0,0.4867
No,Travel_Rarely,Manager,53,5,26,7,7,7,3,18606,0,0,0.4333
No,Travel_Rarely,Research Scientist,26,1,5,4,1,3,2,3904,0,1,0.5267
No,Travel_Rarely,Laboratory Technician,27,1,6,2,2,2,3,3468,0,0,0.3133
Yes,Travel_Rarely,Sales Executive,53,3,35,5,4,2,2,10934,0,1,0.58
No,Travel_Rarely,Healthcare Representative,52,3,18,8,0,6,3,10445,0,1,0.5533
No,Travel_Rarely,Sales Executive,29,2,10,3,2,2,3,6931,0,0,0.26
No,Travel_Rarely,Laboratory Technician,42,1,8,5,2,2,3,2576,0,0,0.44
No,Travel_Rarely,Sales Representative,30,1,4,3,2,2,3,2983,0,0,0.34
No,Travel_Rarely,Sales Executive,35,3,12,11,9,9,3,8020,0,0,0.4067
Yes,Non-Travel,Manufacturing Director,49,2,7,7,7,7,3,6804,0,1,0.5333
No,Travel_Frequently,Laboratory Technician,32,1,8,7,6,7,3,3068,0,0,0.36
No,Travel_Frequently,Research Scientist,30,1,10,10,9,7,1,2613,0,0,0.3667
Yes,Travel_Rarely,Research Director,53,4,21,5,3,3,3,17584,0,1,0.68
No,Travel_Rarely,Healthcare Representative,31,2,10,9,8,0,2,5582,0,0,0.4467
No,Travel_Frequently,Manufacturing Director,27,2,6,2,0,2,2,4298,0,0,0.3333
No,Travel_Rarely,Research Director,46,4,26,3,1,2,3,17861,0,0,0.44
No,Travel_Rarely,Sales Executive,48,2,15,2,2,2,3,5486,0,0,0.2467
Yes,Travel_Rarely,Laboratory Technician,44,1,10,3,2,2,4,2818,0,0,0.4733
No,Travel_Rarely,Research Director,31,4,9,3,0,2,3,16422,0,0,0.4267
No,Travel_Frequently,Sales Executive,33,2,8,5,2,4,3,9998,0,0,0.2533
Yes,Non-Travel,Sales Executive,30,2,4,2,2,2,3,4736,0,0,0.48
No,Travel_Rarely,Manufacturing Director,37,2,8,6,3,5,3,6447,0,0,0.4267
No,Travel_Rarely,Research Scientist,29,1,6,6,5,5,3,2340,0,0,0.4867
Yes,Travel_Rarely,Sales Executive,51,2,11,10,0,7,3,5441,0,1,0.62
Yes,Travel_Rarely,Research Scientist,45,1,7,3,2,2,3,4477,0,0,0.4667
No,Travel_Frequently,Healthcare Representative,40,2,8,8,7,7,4,4244,0,0,0.34
No,Travel_Rarely,Research Scientist,34,1,10,10,8,9,3,2691,0,0,0.4867
No,Travel_Rarely,Research Scientist,56,1,5,3,0,2,3,2066,0,0,0.4067
No,Travel_Rarely,Laboratory Technician,33,1,7,1,0,1,3,2496,0,0,0.3133
Yes,Non-Travel,Healthcare Representative,55,4,34,33,0,9,2,13577,0,1,0.5533
No,Travel_Rarely,Manager,46,4,23,12,9,9,3,17465,0,0,0.4333
Yes,Non-Travel,Sales Executive,27,2,6,5,4,4,3,6349,0,1,0.62
No,Travel_Frequently,Manager,45,5,22,0,0,0,3,18061,0,0,0.1867
No,Travel_Rarely,Research Director,55,4,31,7,0,7,4,14732,0,1,0.6
No,Travel_Rarely,Sales Representative,27,1,5,1,0,0,4,2534,0,0,0.3267
Yes,Travel_Rarely,Sales Executive,28,2,8,8,5,7,3,4779,0,1,0.6133
No,Travel_Rarely,Sales Executive,42,2,10,5,3,4,2,6244,0,0,0.3333
Yes,Travel_Rarely,Research Scientist,29,1,6,5,3,4,1,2168,0,1,0.5533
No,Travel_Rarely,Sales Executive,47,2,20,7,7,7,3,4960,0,0,0.3933
No,Travel_Frequently,Laboratory Technician,32,1,2,2,2,2,2,2743,0,0,0.1133
No,Travel_Rarely,Healthcare Representative,34,2,14,14,11,11,3,6687,0,0,0.4667
No,Travel_Rarely,Manufacturing Director,37,3,12,6,2,5,3,7491,0,0,0.4333
No,Non-Travel,Sales Executive,32,2,4,3,2,2,3,4465,0,0,0.2267
No,Travel_Rarely,Sales Executive,27,2,8,8,7,7,3,6214,0,0,0.3933
Yes,Travel_Rarely,Laboratory Technician,42,1,10,9,8,6,2,2593,0,1,0.56
No,Travel_Rarely,Sales Executive,38,2,8,7,5,7,2,4028,0,0,0.3933
Yes,Travel_Rarely,Healthcare Representative,49,4,25,7,7,1,2,13964,0,1,0.5133
No,Travel_Rarely,Sales Executive,34,2,16,15,9,1,4,9725,0,0,0.4067
Yes,Travel_Frequently,Sales Executive,40,3,20,18,12,13,2,10475,0,1,0.62
Yes,Travel_Frequently,Laboratory Technician,38,1,1,1,0,0,3,1702,0,0,0.4
No,Non-Travel,Research Scientist,27,1,0,0,0,0,3,1706,0,0,0.1333
No,Non-Travel,Sales Executive,38,2,13,8,5,7,2,5249,0,0,0.3667
No,Travel_Rarely,Research Director,47,5,21,3,1,2,3,18300,0,0,0.44
No,Travel_Rarely,Manufacturing Director,38,2,9,7,7,7,3,6261,0,0,0.4133
No,Travel_Rarely,Research Scientist,30,1,5,5,4,4,3,2632,0,0,0.42
Yes,Travel_Frequently,Research Scientist,28,1,3,3,2,1,2,2703,0,0,0.2067
No,Travel_Rarely,Research Scientist,27,1,6,5,3,3,2,2187,0,1,0.5067
No,Travel_Rarely,Human Resources,46,1,10,7,7,6,3,3423,0,0,0.4933
No,Travel_Rarely,Manager,55,5,23,19,11,9,1,19187,0,0,0.44
No,Travel_Rarely,Research Scientist,26,1,3,3,2,2,3,2886,0,0,0.1333
No,Travel_Frequently,Laboratory Technician,35,1,2,2,2,2,2,2376,0,0,0.1133
No,Travel_Rarely,Healthcare Representative,42,2,10,10,2,2,3,4089,0,1,0.5067
No,Travel_Rarely,Sales Executive,40,2,7,5,3,1,2,6852,0,0,0.3467
No,Travel_Rarely,Laboratory Technician,19,1,1,1,0,0,3,1483,0,0,0.1667
No,Travel_Rarely,Healthcare Representative,49,3,29,8,7,7,3,10466,0,0,0.4733
No,Travel_Rarely,Research Scientist,20,1,1,1,0,0,2,2836,0,0,0.16
No,Travel_Rarely,Sales Executive,32,2,13,13,8,8,2,5484,0,0,0.3933
No,Non-Travel,Sales Executive,36,3,10,10,7,3,3,9980,0,0,0.4267
Yes,Travel_Frequently,Manager,43,4,25,25,12,12,3,16959,0,0,0.42
No,Travel_Frequently,Laboratory Technician,26,1,5,2,0,2,1,4364,0,0,0.3667
No,Travel_Frequently,Laboratory Technician,42,1,8,2,0,2,3,2093,0,0,0.3333
No,Travel_Rarely,Sales Executive,34,2,15,13,12,9,1,4759,0,0,0.4067
Yes,Travel_Rarely,Laboratory Technician,42,2,17,5,3,3,4,5231,0,1,0.5867
No,Travel_Frequently,Sales Executive,33,2,4,3,2,2,3,4302,0,0,0.22
No,Travel_Rarely,Laboratory Technician,30,1,1,1,0,0,3,2693,0,0,0.1667
No,Travel_Rarely,Laboratory Technician,35,1,10,8,7,0,2,2258,0,0,0.4667
No,Travel_Rarely,Sales Executive,42,2,9,6,5,4,3,5155,0,0,0.3933
Yes,Travel_Frequently,Research Scientist,40,1,3,1,0,1,3,3617,0,0,0.2533
No,Travel_Rarely,Sales Executive,34,2,6,6,4,5,3,6274,0,0,0.3933
No,Travel_Rarely,Manager,50,4,28,27,7,10,2,17046,0,0,0.4333
No,Travel_Rarely,Research Scientist,45,1,9,6,3,5,3,3452,0,0,0.5
No,Travel_Rarely,Research Scientist,37,1,17,3,2,1,2,3920,0,0,0.3067
No,Travel_Frequently,Sales Executive,33,2,9,7,1,7,2,4682,0,0,0.3467
Yes,Travel_Rarely,Manager,47,4,26,26,0,14,3,16752,0,1,0.5933
No,Travel_Rarely,Manufacturing Director,27,3,9,9,7,7,3,7412,0,0,0.4267
No,Non-Travel,Manager,50,4,31,31,7,6,3,17924,0,0,0.4067
No,Travel_Rarely,Sales Executive,36,2,11,3,2,2,2,5647,0,0,0.26
No,Travel_Rarely,Research Scientist,45,3,25,1,0,0,3,9724,0,0,0.2733
Yes,Travel_Frequently,Healthcare Representative,33,2,6,6,2,5,4,5488,0,0,0.4067
No,Travel_Rarely,Manufacturing Director,46,2,12,6,4,3,3,7379,0,0,0.4667
No,Travel_Rarely,Human Resources,54,3,16,9,1,7,3,10725,0,1,0.5667
Yes,Travel_Rarely,Sales Executive,47,2,8,7,7,6,3,4537,0,1,0.6133
No,Travel_Rarely,Sales Executive,33,2,6,5,2,0,3,7104,0,0,0.3333
Yes,Travel_Rarely,Manufacturing Director,35,3,17,17,15,14,2,10685,0,1,0.56
No,Non-Travel,Laboratory Technician,39,2,9,5,3,4,3,6782,0,0,0.3667
No,Travel_Rarely,Healthcare Representative,38,2,10,2,2,2,3,5745,0,0,0.32
No,Travel_Rarely,Sales Executive,54,3,13,9,0,4,2,10686,0,0,0.4867
Yes,Travel_Rarely,Manufacturing Director,37,2,18,1,1,0,3,4197,0,0,0.48
No,Travel_Rarely,Laboratory Technician,20,1,2,2,2,2,2,3033,0,0,0.14
No,Travel_Frequently,Laboratory Technician,40,2,10,1,0,0,2,5094,0,0,0.2467
Yes,Travel_Frequently,Manager,51,5,31,29,10,10,3,19847,0,0,0.42
No,Travel_Rarely,Laboratory Technician,34,1,7,5,2,4,2,3294,0,0,0.4333
Yes,Travel_Rarely,Manufacturing Director,42,3,10,10,8,9,3,7406,0,1,0.56
No,Non-Travel,Research Scientist,30,1,1,1,0,0,3,1274,0,0,0.14
No,Travel_Rarely,Manager,50,5,21,5,4,4,3,19926,0,0,0.3667
No,Travel_Rarely,Research Scientist,31,1,1,1,0,1,3,2501,0,0,0.22
Yes,Travel_Frequently,Research Scientist,41,2,12,6,3,2,3,5467,0,0,0.4133
No,Travel_Frequently,Manager,41,4,21,7,7,6,2,17181,0,0,0.34
No,Travel_Rarely,Manager,52,4,26,9,8,8,3,17099,0,0,0.4333
No,Travel_Rarely,Research Scientist,40,2,9,9,8,8,3,4661,0,0,0.4667
Yes,Travel_Frequently,Research Director,49,5,22,3,2,2,3,18665,0,0,0.3667
Yes,Travel_Rarely,Sales Executive,27,2,6,6,4,2,2,5769,0,1,0.5867
Yes,Travel_Rarely,Research Scientist,38,1,6,3,2,2,3,3944,0,0,0.4667
No,Travel_Frequently,Sales Executive,51,3,14,4,2,2,3,10596,0,0,0.2867
No,Travel_Rarely,Research Scientist,40,1,8,3,2,1,3,2345,0,0,0.3067
No,Travel_Rarely,Laboratory Technician,29,1,10,10,8,8,3,3131,0,0,0.48
No,Travel_Rarely,Sales Executive,40,3,11,1,0,0,2,9705,0,0,0.2933
No,Travel_Rarely,Manufacturing Director,30,2,11,5,2,4,1,6091,0,0,0.36
No,Travel_Rarely,Manufacturing Director,29,2,8,3,2,2,3,4262,0,0,0.2867
No,Travel_Rarely,Sales Executive,35,3,10,10,6,8,3,7295,0,0,0.4067
No,Travel_Rarely,Manager,45,4,26,9,1,3,3,17650,0,1,0.56
No,Travel_Frequently,Manufacturing Director,43,3,18,8,1,7,3,10820,0,0,0.3933
No,Travel_Rarely,Research Director,47,4,26,20,6,17,3,17169,0,1,0.5267
No,Travel_Rarely,Manufacturing Director,51,4,29,5,3,2,2,13142,0,0,0.3933
No,Travel_Rarely,Manufacturing Director,46,3,13,8,7,7,3,10845,0,0,0.4267
No,Travel_Rarely,Research Director,29,4,9,7,7,7,2,16124,0,1,0.5267
No,Travel_Rarely,Sales Executive,46,3,24,24,7,13,3,10453,0,0,0.4067
No,Travel_Rarely,Sales Executive,40,2,8,5,3,4,3,5715,0,0,0.3333
Yes,Travel_Rarely,Manufacturing Director,42,2,8,4,2,3,2,6062,0,1,0.52
Yes,Non-Travel,Healthcare Representative,41,2,10,8,7,7,2,6811,0,1,0.5533
Yes,Non-Travel,Manager,42,4,21,20,10,8,3,17861,0,0,0.4933
No,Travel_Rarely,Sales Representative,25,1,7,7,6,4,3,2096,0,0,0.4533
Yes,Travel_Rarely,Manufacturing Director,41,2,8,5,2,4,2,6032,0,1,0.52
Yes,Travel_Rarely,Manufacturing Director,36,2,18,16,12,14,3,5410,0,1,0.5467
No,Travel_Frequently,Healthcare Representative,38,2,13,4,2,3,2,6288,0,0,0.3333
No,Travel_Rarely,Research Scientist,35,1,7,2,2,2,4,2506,0,0,0.3267
No,Non-Travel,Sales Executive,45,2,15,15,12,10,2,5593,0,0,0.3667
Yes,Travel_Frequently,Sales Executive,47,4,28,22,13,2,3,13770,0,1,0.5733
No,Travel_Rarely,Manager,56,5,28,5,2,2,3,19943,0,0,0.4133
No,Non-Travel,Manager,59,5,30,3,2,2,2,18844,0,0,0.2867
Yes,Travel_Rarely,Manufacturing Director,30,2,12,0,0,0,2,6877,0,0,0.4
No,Travel_Rarely,Laboratory Technician,30,1,10,10,8,0,2,2206,0,0,0.4667
No,Non-Travel,Sales Representative,21,1,3,3,2,2,3,2610,0,0,0.14
Yes,Travel_Rarely,Laboratory Technician,40,1,10,7,7,7,4,2213,0,1,0.56
No,Travel_Rarely,Healthcare Representative,56,4,30,10,1,7,3,11103,0,1,0.56
No,Travel_Rarely,Research Director,46,5,25,4,3,2,3,19081,0,0,0.4267
Yes,Travel_Rarely,Laboratory Technician,40,2,15,7,7,2,3,2741,0,1,0.52
Yes,Travel_Rarely,Human Resources,46,2,16,4,2,2,3,5021,0,0,0.5
No,Travel_Rarely,Sales Executive,35,2,16,15,8,13,2,4312,0,0,0.3933
No,Travel_Frequently,Research Director,40,3,20,18,13,7,3,13499,0,0,0.3733
No,Non-Travel,Research Director,36,3,10,8,5,7,4,11713,0,0,0.4667
Yes,Travel_Rarely,Research Scientist,43,2,20,20,8,7,2,4081,0,1,0.56
No,Travel_Frequently,Sales Representative,31,1,2,2,2,2,3,2789,0,0,0.1067
No,Travel_Rarely,Human Resources,36,1,8,5,4,2,3,2143,0,0,0.46
Yes,Travel_Rarely,Manufacturing Director,36,3,17,7,7,7,1,10252,0,1,0.5533
No,Travel_Rarely,Sales Representative,45,2,9,8,1,7,1,6632,0,1,0.52
Yes,Non-Travel,Research Scientist,27,1,1,1,1,1,2,2566,0,0,0.3533
No,Travel_Rarely,Research Director,51,5,23,20,15,18,3,19537,0,1,0.5267
No,Travel_Frequently,Sales Executive,53,3,30,15,12,7,2,7525,0,0,0.3533
No,Travel_Rarely,Research Scientist,35,1,6,6,1,5,2,2559,0,1,0.56
No,Travel_Rarely,Laboratory Technician,27,1,6,5,4,0,3,2099,0,0,0.4067
No,Travel_Rarely,Laboratory Technician,27,1,5,5,4,2,3,3816,0,0,0.4333
No,Travel_Rarely,Manufacturing Director,34,2,13,11,9,9,2,5957,0,0,0.4133
No,Travel_Rarely,Sales Executive,24,2,4,3,2,2,3,4999,0,0,0.26
No,Travel_Frequently,Research Scientist,38,1,4,4,3,2,4,2610,0,0,0.3267
No,Non-Travel,Sales Executive,41,2,19,19,9,2,1,6151,0,0,0.3933
Yes,Travel_Rarely,Manager,46,4,28,7,7,7,1,16872,0,1,0.5333
No,Travel_Rarely,Sales Executive,30,2,6,5,4,4,3,6577,0,0,0.32
No,Travel_Rarely,Research Director,46,5,23,2,2,2,3,19627,0,0,0.3533
No,Travel_Rarely,Healthcare Representative,27,2,9,7,7,6,2,6811,0,0,0.4667
Yes,Travel_Frequently,Research Scientist,32,2,10,8,7,7,3,4998,0,0,0.4467
Yes,Travel_Rarely,Manager,41,3,16,1,0,0,3,13591,0,1,0.5467
No,Travel_Frequently,Research Scientist,34,1,10,4,3,3,3,2996,0,0,0.3667
No,Travel_Frequently,Laboratory Technician,36,1,4,1,0,0,4,3688,0,0,0.2667
No,Travel_Frequently,Sales Representative,34,1,6,4,2,3,3,2231,0,0,0.3267
No,Travel_Rarely,Laboratory Technician,48,1,7,1,0,0,4,2559,0,0,0.2867
No,Travel_Rarely,Manufacturing Director,53,2,5,4,3,2,4,4450,0,0,0.3467
Yes,Travel_Rarely,Sales Executive,39,2,8,5,4,4,2,6120,0,1,0.6067
No,Travel_Rarely,Sales Executive,31,3,13,13,9,7,3,10793,0,0,0.4067
No,Travel_Frequently,Sales Executive,27,2,8,6,0,2,1,5071,0,0,0.4267
Yes,Travel_Rarely,Sales Executive,45,3,18,5,2,4,3,10761,0,1,0.6
No,Travel_Frequently,Laboratory Technician,32,1,5,5,3,1,4,2794,0,0,0.3333
No,Travel_Rarely,Manufacturing Director,56,3,37,6,2,4,1,7260,0,0,0.4467
No,Travel_Rarely,Manufacturing Director,51,2,10,1,0,0,2,6132,0,0,0.2733
No,Travel_Rarely,Research Director,50,4,30,4,3,3,3,17639,0,1,0.5267
No,Travel_Rarely,Manufacturing Director,28,3,10,9,7,7,3,7655,0,0,0.4267
No,Travel_Rarely,Manufacturing Director,41,2,8,2,1,2,3,5003,0,0,0.3133
No,Travel_Rarely,Laboratory Technician,28,1,6,6,3,5,2,3196,0,0,0.4933
No,Travel_Rarely,Research Scientist,27,1,5,4,1,2,2,2045,0,0,0.4333
No,Travel_Frequently,Sales Representative,47,2,5,0,0,0,3,2976,0,0,0.1933
No,Non-Travel,Laboratory Technician,44,2,17,3,2,2,3,2042,0,0,0.2933
No,Travel_Rarely,Research Scientist,33,1,8,8,6,7,3,2756,0,0,0.4867
No,Travel_Rarely,Manufacturing Director,35,3,15,7,4,7,2,10274,0,0,0.4267
Yes,Travel_Rarely,Research Director,45,3,17,0,0,0,3,13245,0,0,0.4533
Yes,Travel_Rarely,Healthcare Representative,35,3,16,16,1,10,3,10388,0,1,0.6933
No,Travel_Rarely,Manager,34,3,14,11,8,10,2,11631,0,0,0.4333
Yes,Travel_Rarely,Sales Executive,24,2,5,5,3,4,3,4162,0,1,0.6133
Yes,Travel_Rarely,Sales Executive,32,2,4,3,2,2,3,4078,0,1,0.5333
No,Travel_Rarely,Research Scientist,43,1,6,5,4,3,4,2645,0,0,0.4933
No,Travel_Rarely,Laboratory Technician,34,1,3,2,2,2,3,2661,0,0,0.12
No,Travel_Rarely,Healthcare Representative,37,2,8,4,1,3,3,4107,0,1,0.5133
No,Travel_Rarely,Manufacturing Director,32,2,14,14,8,13,2,6162,0,0,0.4133
No,Travel_Rarely,Human Resources,31,2,9,2,0,2,2,6410,0,0,0.4067
No,Non-Travel,Healthcare Representative,25,2,6,6,5,3,4,4000,0,0,0.5
Yes,Travel_Rarely,Sales Executive,30,2,11,11,7,8,2,5209,0,1,0.6133
No,Travel_Rarely,Manufacturing Director,35,3,16,13,8,10,2,10903,0,0,0.4267
No,Travel_Rarely,Healthcare Representative,33,3,9,3,2,2,2,7119,0,0,0.3467
No,Travel_Rarely,Sales Executive,30,2,10,10,2,9,2,6118,0,0,0.4067
No,Non-Travel,Laboratory Technician,24,1,1,1,0,0,2,2694,0,0,0.1467
No,Non-Travel,Laboratory Technician,45,2,9,9,8,7,3,4447,0,0,0.4067
No,Travel_Rarely,Sales Executive,25,2,6,2,2,2,2,8639,0,0,0.2467
No,Travel_Rarely,Research Scientist,35,1,6,6,4,4,2,2859,0,0,0.4867
No,Travel_Rarely,Research Scientist,48,1,13,0,0,0,3,2259,0,0,0.26
No,Travel_Rarely,Manager,53,5,26,14,8,13,3,19094,0,0,0.4333
No,Travel_Rarely,Sales Representative,31,1,13,7,2,7,2,2329,0,0,0.4733
No,Travel_Rarely,Research Scientist,58,1,2,2,2,2,3,2372,0,0,0.14
No,Travel_Rarely,Sales Executive,39,3,9,8,7,7,4,7880,0,0,0.4067
No,Travel_Rarely,Research Director,51,3,16,10,7,9,2,12490,0,1,0.5267
No,Travel_Frequently,Sales Executive,41,2,10,9,7,3,3,4103,0,0,0.38
No,Travel_Frequently,Research Scientist,29,1,8,7,1,5,3,3291,0,0,0.4067
No,Travel_Frequently,Research Scientist,49,2,10,10,7,7,2,5130,0,0,0.34
No,Travel_Rarely,Research Scientist,51,1,1,1,0,0,3,2723,0,0,0.16
No,Travel_Rarely,Laboratory Technician,24,1,1,1,0,0,2,2127,0,0,0.1667
No,Travel_Rarely,Laboratory Technician,52,1,6,2,2,2,2,3212,0,0,0.3133
No,Travel_Rarely,Research Scientist,35,2,17,17,8,11,1,6646,0,0,0.48
Yes,Travel_Rarely,Research Director,30,3,9,8,7,7,4,11416,0,1,0.6533
No,Travel_Rarely,Research Scientist,34,1,9,3,2,2,3,2311,0,0,0.3467
No,Travel_Frequently,Laboratory Technician,51,1,8,7,7,0,2,2838,0,0,0.36
Yes,Travel_Rarely,Sales Executive,38,2,8,8,7,0,4,5605,0,1,0.62
Yes,Travel_Rarely,Research Scientist,44,1,8,8,1,7,3,2559,0,1,0.6333
No,Travel_Frequently,Research Scientist,42,2,19,5,2,4,3,4556,0,0,0.28
No,Travel_Rarely,Healthcare Representative,38,2,10,9,8,7,4,7625,0,0,0.4667
No,Travel_Rarely,Manufacturing Director,34,2,5,5,3,2,3,4325,0,0,0.3867
No,Travel_Rarely,Research Scientist,27,1,5,5,3,3,3,2517,0,1,0.5067
No,Travel_Rarely,Research Director,54,3,16,4,3,3,3,13549,0,1,0.5267
No,Non-Travel,Manager,48,4,27,5,1,4,4,16885,0,0,0.4
No,Travel_Rarely,Research Scientist,44,1,6,5,3,2,3,3420,0,0,0.46
No,Travel_Rarely,Sales Executive,53,2,18,14,10,7,3,8381,0,0,0.3933
Yes,Travel_Rarely,Manufacturing Director,38,3,10,1,0,0,3,7861,0,0,0.42
No,Non-Travel,Research Scientist,40,1,6,4,0,2,3,3544,0,0,0.46
